{
  "kind": "collectionType",
  "collectionName": "activities",
  "info": {
    "singularName": "activity",
    "pluralName": "activities",
    "displayName": "Activity",
    "description": ""
  },
  "options": {
    "draftAndPublish": true
  },
  "pluginOptions": {},
  "attributes": {
    "title": {
      "type": "string",
      "required": true
    },
    "date": {
      "type": "datetime",
      "required": true
    },
    "description": {
      "type": "text",
      "required": true
    },
    "User": {
      "type": "relation",
      "relation": "oneToOne",
      "target": "admin::user"
    },
    "image": {
      "type": "media",
      "multiple": false,
      "required": false,
      "allowedTypes": [
        "images",
        "files",
        "videos",
        "audios"
      ]
    },
    "done": {
      "type": "boolean",
      "default": false,
      "required": true
    }
  }
}
